2024-12-15T15:59:09.361Z,923131367625,chup,Success
2024-12-15T15:59:13.023Z,923131367625,chup,Success
2024-12-15T16:06:35.865Z,923131367625,chup,Success
2024-12-15T16:08:25.021Z,923131367625,chup,Success
2024-12-15T16:08:49.267Z,923131367625,chup,Success
2024-12-15T16:08:57.898Z,923131367625,chup,Success
2024-12-15T16:24:38.044Z,923131367625,chup,Success
2024-12-15T16:24:40.372Z,923131367625,chup,Success
2024-12-15T16:26:58.025Z,923131367625,chup,Success
2024-12-15T16:27:16.362Z,923131367625,chup,Success
2024-12-15T21:24:50.860Z,923131367625,chup,Success
2024-12-15T21:26:10.594Z,923131367625,i am busy,Success
